id,leaf_name,definition
L001,IT Business Analyst,Bridges business stakeholders and technical teams by translating business problems into clear technology requirements.
L002,IT Consultant,"Advises organizations on technology choices, digital transformation, implementation approaches, and improvement opportunities."
L003,Software Requirements Engineer,"Specifies, validates, traces, and controls functional and non-functional requirements for software products or systems."
L004,Systems Analyst,"Analyzes how information systems work and translates business needs into system, data, interface, and workflow requirements."
L005,Computer Systems Engineer,"Designs and integrates end-to-end computing systems spanning hardware, operating systems, software, networks, storage, and reliability."
L006,Enterprise Architect,"Aligns enterprise-wide business capabilities, applications, data, infrastructure, and technology investments with organizational strategy."
L007,Solution Architect,"Designs a practical technical solution for a specific business problem, product, program, or project."
L008,Systems Architect,"Defines the technical structure of complex infrastructure and systems across compute, networking, storage, identity, availability, and operations."
L009,Systems Integration Engineer,"Connects applications, services, databases, devices, and third-party platforms into reliable end-to-end workflows."
L010,Cloud Administrator,"Operates and supports cloud accounts, identities, infrastructure resources, access, backups, monitoring, and routine cloud services."
L011,Cloud Architect,"Designs secure, scalable, resilient, and cost-aware cloud or hybrid-cloud architectures."
L012,Cloud Engineer,"Implements, automates, deploys, and operates cloud infrastructure and cloud-native services."
L013,DevOps Engineer,Automates software delivery and improves collaboration between development and operations teams.
L014,Platform Engineer,"Builds internal platforms that give engineering teams secure, standardized, self-service ways to build, deploy, and operate software."
L015,Release Engineer,"Coordinates and automates controlled software releases across environments, versions, teams, and change processes."
L016,Site Reliability Engineer,"Applies software engineering to ensure production services are reliable, scalable, observable, and efficiently operated."
L017,Computer and Systems Operator,"Runs and monitors production computing jobs, consoles, batch schedules, and operational workflows."
L018,Data Centre Operator,"Operates physical data-centre facilities, servers, racks, cabling, power, cooling, and environmental infrastructure."
L019,IT Disaster Recovery Specialist,"Designs, tests, and maintains technical capabilities for recovering systems and data after outages or disasters."
L020,Storage Engineer,"Designs, operates, optimizes, and protects block, file, and object-storage systems."
L021,Sustainable IT Specialist,"Improves the environmental efficiency of IT infrastructure, cloud use, hardware lifecycle, and digital operations."
L022,Systems Administrator,"Installs, configures, secures, patches, monitors, and supports server, identity, endpoint, and core infrastructure environments."
L023,Systems Configuration Specialist,"Controls system configuration items, baselines, desired-state configurations, change records, and configuration compliance."
L024,Web Administrator,"Deploys, maintains, secures, and monitors web servers, websites, domains, certificates, and CMS environments."
L025,Computer Hardware Engineer,"Designs and evaluates computer hardware, boards, processors, storage, interfaces, and electronic subsystems."
L026,Computer Hardware Engineering Technician,"Builds, installs, repairs, calibrates, and documents computing hardware under engineering procedures."
L027,Computer Hardware Test Technician,"Executes test plans for hardware components and systems, records failures, and supports quality validation."
L028,Embedded System Designer,"Designs integrated hardware/firmware systems for devices that operate under physical, real-time, power, and communication constraints."
L029,Application Security Engineer,"Integrates security practices and controls into software design, development, testing, and delivery."
L030,Cloud Security Engineer,"Designs, configures, automates, and monitors security controls in cloud environments."
L031,Cryptography Specialist,"Designs, evaluates, implements, or integrates cryptographic algorithms, protocols, PKI, certificates, and key-management systems."
L032,Embedded and IoT Security Engineer,"Secures connected devices, firmware, hardware interfaces, device identity, and device-to-cloud communication."
L033,Identity and Access Management Specialist,"Designs and operates authentication, authorization, federation, provisioning, privileged access, and identity governance services."
L034,Network Security Engineer,"Designs, implements, and operates network-security controls that protect communications and control access."
L035,Security Administrator,"Administers security tools, endpoint controls, access controls, policies, scans, and routine security operations."
L036,Security Architect,"Defines enterprise security patterns, target-state designs, guardrails, reference architectures, and security technology standards."
L037,Security Engineer,"Implements and maintains technical security controls across infrastructure, cloud, endpoints, networks, applications, and security platforms."
L038,Cybersecurity Consultant,"Advises organizations on cybersecurity strategy, posture, risk, controls, transformation, and regulatory alignment."
L039,Cybersecurity GRC Specialist,"Operates governance, risk, and compliance processes, frameworks, control assessments, and risk reporting."
L040,Data Protection and Privacy Specialist,"Manages privacy compliance and data-protection controls for personal, sensitive, and regulated information."
L041,IT Auditor,"Independently evaluates technology controls, audit evidence, access controls, change processes, and compliance with audit standards."
L042,IT Compliance Specialist,"Maintains continuous adherence to technology regulations, certifications, contractual obligations, and control requirements."
L043,Cyber Incident Responder,"Investigates, contains, eradicates, and recovers from active cybersecurity incidents."
L044,Cyber Threat Intelligence Analyst,"Produces actionable intelligence on threat actors, campaigns, vulnerabilities, tactics, techniques, and indicators."
L045,Cybersecurity Analyst,"Monitors security events, triages alerts, investigates suspicious activity, and escalates confirmed threats."
L046,Digital Forensics Analyst,"Preserves, extracts, and analyzes digital evidence from disks, memory, mobile devices, cloud logs, and systems."
L047,Penetration Tester,Performs authorized adversarial testing to identify and demonstrate exploitable security weaknesses.
L048,Vulnerability Assessment Specialist,"Identifies, prioritizes, tracks, and validates vulnerabilities across assets and environments."
L049,Artificial Intelligence Engineer,"Builds and integrates AI-enabled applications, including predictive systems, generative AI, RAG solutions, agents, and intelligent automation."
L050,Computer Vision Engineer,"Builds systems that understand images and video for detection, classification, segmentation, OCR, and visual analytics."
L051,Knowledge Engineer,"Structures and manages knowledge through taxonomies, ontologies, knowledge graphs, rules, and semantic models."
L052,Machine Learning Engineer,"Builds, deploys, monitors, and maintains production machine-learning pipelines and services."
L053,Natural Language Processing Engineer,"Builds systems that analyze, extract, search, classify, generate, or translate human language."
L054,Business Intelligence Analyst,"Creates dashboards, reporting, KPIs, and business insights from organizational data."
L055,Business Intelligence Developer,"Builds data models, reporting layers, dashboards, semantic models, and BI delivery pipelines."
L056,Data Analyst,"Collects, cleans, queries, analyzes, and visualizes data to answer business or operational questions."
L057,Data Quality Specialist,"Defines, measures, improves, and governs data accuracy, completeness, consistency, timeliness, and reliability."
L058,Analytics Engineer,"Transforms warehouse data into tested, documented, analyst-ready models and semantic layers."
L059,Data Architect,"Defines the organization’s data architecture, data models, platform strategy, integration patterns, and data standards."
L060,Data Engineer,"Builds and operates pipelines that ingest, transform, store, stream, and deliver data at scale."
L061,Data Governance and Stewardship Specialist,"Establishes data ownership, policies, metadata, lineage, cataloging, classification, and stewardship practices."
L062,Data Warehouse Developer,"Builds and maintains warehouse schemas, dimensions, facts, transformations, stored procedures, and reporting-ready data stores."
L063,Computer Research Scientist,"Investigates new computing methods, algorithms, systems, architectures, or scientific computing techniques."
L064,Data Scientist,"Uses statistics, machine learning, experiments, and visualization to derive insights and predictive models from data."
L065,Machine Learning Research Scientist,"Researches and develops novel machine-learning methods, models, optimization techniques, and evaluation approaches."
L066,Database Administrator,"Operates, secures, backs up, restores, patches, and tunes production database platforms."
L067,Database Architect,"Defines database platform strategy, standards, scalable data-store designs, availability patterns, and database security architecture."
L068,Database Developer,"Builds database objects and application data access logic, including schemas, SQL, stored procedures, and migrations."
L069,Database Integrator,"Connects databases with applications, APIs, enterprise systems, migration tools, and data pipelines."
L070,Bioinformatics Specialist,"Applies computing, statistics, and data methods to biological and genomic data."
L071,Geographic Information Systems Specialist,"Manages, analyzes, and visualizes geographic and spatial data for maps, location intelligence, and geospatial applications."
L072,Health Informatics Specialist,"Improves health-information systems, clinical data interoperability, health analytics, and digital healthcare workflows."
L073,Digital Document Management Specialist,"Organizes, governs, digitizes, stores, retrieves, retains, and automates enterprise documents and records."
L074,IT Technical Account Specialist,"Provides technical, customer-facing guidance to support adoption, service health, product use, escalations, and account outcomes."
L075,IT Technical Writer,"Produces accurate and usable technical documentation for products, platforms, APIs, systems, and users."
L076,IT Trainer,"Designs and delivers technical learning programs, hands-on labs, courses, assessments, and adoption training."
L077,Application Support Specialist,"Supports business applications in production through incident resolution, SQL/log analysis, configuration, user support, and escalation."
L078,Computer Hardware Technician,"Installs, repairs, upgrades, tests, and maintains end-user computers, peripherals, and related physical devices."
L079,Desktop Support Specialist,"Supports end-user desktop environments, endpoints, productivity tools, identity access, mobile devices, and local connectivity."
L080,IT Help Desk Specialist,"Provides first-line technical support, triage, standard requests, and user guidance through ticketing, phone, chat, or email channels."
L081,IT Support Engineer,"Resolves complex user, application, infrastructure, endpoint, and operational support issues while automating recurring support work."
L082,Network Administrator,"Maintains daily operation of network devices, connectivity, addressing, wireless, access, monitoring, and routine network services."
L083,Network Architect,"Designs scalable, resilient, secure network architectures across campus, data centre, WAN, cloud, wireless, and remote-access environments."
L084,Network Engineer,"Deploys, configures, automates, troubleshoots, and improves production network infrastructure."
L085,Network Support Specialist,"Provides operational support for connectivity problems, user network issues, monitoring alerts, and network-service incidents."
L086,Network Technician,"Installs and maintains physical network infrastructure, cabling, network-edge equipment, access points, and basic device configurations."
L087,Telecommunications Analyst,"Analyzes telecom services, carriers, voice/data usage, call quality, costs, contracts, inventories, and service levels."
L088,Telecommunications Engineer,"Designs, integrates, tests, optimizes, and supports voice, video, mobile, carrier, fibre, and communication-network systems."
L089,IT Product Manager,"Owns product direction, prioritization, roadmap, user value, and product outcomes for a digital or IT product."
L090,IT Project Manager,"Plans and governs IT project delivery across scope, schedule, budget, risks, resources, dependencies, and stakeholders."
L091,Scrum Master,"Facilitates Scrum/agile practices and helps teams improve flow, collaboration, delivery discipline, and continuous improvement."
L092,Digital Game Designer,"Defines game mechanics, levels, systems, progression, narrative, economy, and player experience."
L093,User Experience Designer,"Designs end-to-end user experiences, flows, interactions, information architecture, and prototypes."
L094,User Experience Researcher,"Studies user behavior, needs, motivations, and usability through qualitative and quantitative research."
L095,User Interface Designer,"Designs visual interface systems, high-fidelity screens, reusable components, responsive states, and UI specifications."
L096,Web Designer,"Designs and often builds responsive, brand-aligned websites and webpages using web technologies and CMS/no-code tools."
L097,Android Developer,"Builds, tests, releases, and maintains Android applications."
L098,Backend Developer,"Builds server-side applications, APIs, databases, integrations, authentication, and business logic."
L099,Cloud Software Developer,"Builds cloud-native applications using managed services, serverless functions, containers, eventing, and cloud data platforms."
L100,Desktop Application Developer,"Builds installable desktop applications for Windows, macOS, Linux, or cross-platform environments."
L101,Frontend Developer,"Builds browser-based user interfaces, client-side logic, reusable components, and responsive accessible web experiences."
L102,Full-stack Developer,"Builds both frontend and backend parts of web applications, including interfaces, APIs, data storage, and deployment."
L103,Software Architect,"Defines the structural design, technology strategy, quality attributes, patterns, standards, and evolution of software systems."
L104,Systems Programmer,"Builds low-level, performance-critical software that interacts closely with operating systems, hardware, networking, runtimes, or drivers."
L105,iOS Developer,"Builds, tests, releases, and maintains native iOS/iPadOS applications."
L106,Accessibility Tester,Tests digital products for accessibility barriers and compliance with accessibility standards.
L107,Game Tester,"Tests games for gameplay defects, stability, compatibility, progression errors, performance issues, and platform requirements."
L108,Integration Test Engineer,"Tests interactions between services, APIs, databases, queues, devices, and external systems."
L109,Localization Tester,"Tests translated and internationalized software for linguistic, formatting, locale, encoding, and cultural defects."
L110,Performance Test Engineer,"Tests system behavior under load, stress, endurance, and scalability conditions."
L111,Software Test Engineer,"Plans and executes functional, regression, exploratory, system, and end-to-end software tests."
L112,Test Automation Engineer,"Builds coded automated testing frameworks, test suites, quality pipelines, mocks, and CI-integrated validation."
L113,Usability Tester,"Evaluates product usability, task completion, learnability, friction, and user satisfaction."
L114,Blockchain Developer,"Builds blockchain applications, smart contracts, decentralized systems, token logic, and blockchain integrations."
L115,Embedded Software Developer,"Builds firmware and low-level software for devices, microcontrollers, sensors, real-time systems, and embedded Linux platforms."
L116,Game Developer,"Implements game systems, gameplay features, tools, multiplayer capabilities, rendering interactions, and runtime code."
L117,IoT Developer,"Builds connected-device applications across firmware, gateways, telemetry, cloud ingestion, device management, and edge-to-cloud services."
L118,RPA Developer,"Builds and maintains software robots that automate structured, repetitive business processes across enterprise applications."
