leaf_id,definition
L001,Bridges business stakeholders and technical teams by translating business problems into clear technology requirements.
L002,"Advises organizations on technology choices, digital transformation, implementation approaches, and improvement opportunities."
L003,"Specifies, validates, traces, and controls functional and non-functional requirements for software products or systems."
L004,"Analyzes how information systems work and translates business needs into system, data, interface, and workflow requirements."
L005,"Designs and integrates end-to-end computing systems spanning hardware, operating systems, software, networks, storage, and reliability."
L006,"Aligns enterprise-wide business capabilities, applications, data, infrastructure, and technology investments with organizational strategy."
L007,"Designs a practical technical solution for a specific business problem, product, program, or project."
L008,"Defines the technical structure of complex infrastructure and systems across compute, networking, storage, identity, availability, and operations."
L009,"Connects applications, services, databases, devices, and third-party platforms into reliable end-to-end workflows."
L010,"Operates and supports cloud accounts, identities, infrastructure resources, access, backups, monitoring, and routine cloud services."
L011,"Designs secure, scalable, resilient, and cost-aware cloud or hybrid-cloud architectures."
L012,"Implements, automates, deploys, and operates cloud infrastructure and cloud-native services."
L013,Automates software delivery and improves collaboration between development and operations teams.
L014,"Builds internal platforms that give engineering teams secure, standardized, self-service ways to build, deploy, and operate software."
L015,"Coordinates and automates controlled software releases across environments, versions, teams, and change processes."
L016,"Applies software engineering to ensure production services are reliable, scalable, observable, and efficiently operated."
L017,"Runs and monitors production computing jobs, consoles, batch schedules, and operational workflows."
L018,"Operates physical data-centre facilities, servers, racks, cabling, power, cooling, and environmental infrastructure."
L019,"Designs, tests, and maintains technical capabilities for recovering systems and data after outages or disasters."
L020,"Designs, operates, optimizes, and protects block, file, and object-storage systems."
L021,"Improves the environmental efficiency of IT infrastructure, cloud use, hardware lifecycle, and digital operations."
L022,"Installs, configures, secures, patches, monitors, and supports server, identity, endpoint, and core infrastructure environments."
L023,"Controls system configuration items, baselines, desired-state configurations, change records, and configuration compliance."
L024,"Deploys, maintains, secures, and monitors web servers, websites, domains, certificates, and CMS environments."
L025,"Designs and evaluates computer hardware, boards, processors, storage, interfaces, and electronic subsystems."
L026,"Builds, installs, repairs, calibrates, and documents computing hardware under engineering procedures."
L027,"Executes test plans for hardware components and systems, records failures, and supports quality validation."
L028,"Designs integrated hardware/firmware systems for devices that operate under physical, real-time, power, and communication constraints."
L029,"Integrates security practices and controls into software design, development, testing, and delivery."
L030,"Designs, configures, automates, and monitors security controls in cloud environments."
L031,"Designs, evaluates, implements, or integrates cryptographic algorithms, protocols, PKI, certificates, and key-management systems."
L032,"Secures connected devices, firmware, hardware interfaces, device identity, and device-to-cloud communication."
L033,"Designs and operates authentication, authorization, federation, provisioning, privileged access, and identity governance services."
L034,"Designs, implements, and operates network-security controls that protect communications and control access."
L035,"Administers security tools, endpoint controls, access controls, policies, scans, and routine security operations."
L036,"Defines enterprise security patterns, target-state designs, guardrails, reference architectures, and security technology standards."
L037,"Implements and maintains technical security controls across infrastructure, cloud, endpoints, networks, applications, and security platforms."
L038,"Advises organizations on cybersecurity strategy, posture, risk, controls, transformation, and regulatory alignment."
L039,"Operates governance, risk, and compliance processes, frameworks, control assessments, and risk reporting."
L040,"Manages privacy compliance and data-protection controls for personal, sensitive, and regulated information."
L041,"Independently evaluates technology controls, audit evidence, access controls, change processes, and compliance with audit standards."
L042,"Maintains continuous adherence to technology regulations, certifications, contractual obligations, and control requirements."
L043,"Investigates, contains, eradicates, and recovers from active cybersecurity incidents."
L044,"Produces actionable intelligence on threat actors, campaigns, vulnerabilities, tactics, techniques, and indicators."
L045,"Monitors security events, triages alerts, investigates suspicious activity, and escalates confirmed threats."
L046,"Preserves, extracts, and analyzes digital evidence from disks, memory, mobile devices, cloud logs, and systems."
L047,Performs authorized adversarial testing to identify and demonstrate exploitable security weaknesses.
L048,"Identifies, prioritizes, tracks, and validates vulnerabilities across assets and environments."
L049,"Builds and integrates AI-enabled applications, including predictive systems, generative AI, RAG solutions, agents, and intelligent automation."
L050,"Builds systems that understand images and video for detection, classification, segmentation, OCR, and visual analytics."
L051,"Structures and manages knowledge through taxonomies, ontologies, knowledge graphs, rules, and semantic models."
L052,"Builds, deploys, monitors, and maintains production machine-learning pipelines and services."
L053,"Builds systems that analyze, extract, search, classify, generate, or translate human language."
L054,"Creates dashboards, reporting, KPIs, and business insights from organizational data."
L055,"Builds data models, reporting layers, dashboards, semantic models, and BI delivery pipelines."
L056,"Collects, cleans, queries, analyzes, and visualizes data to answer business or operational questions."
L057,"Defines, measures, improves, and governs data accuracy, completeness, consistency, timeliness, and reliability."
L058,"Transforms warehouse data into tested, documented, analyst-ready models and semantic layers."
L059,"Defines the organization’s data architecture, data models, platform strategy, integration patterns, and data standards."
L060,"Builds and operates pipelines that ingest, transform, store, stream, and deliver data at scale."
L061,"Establishes data ownership, policies, metadata, lineage, cataloging, classification, and stewardship practices."
L062,"Builds and maintains warehouse schemas, dimensions, facts, transformations, stored procedures, and reporting-ready data stores."
L063,"Investigates new computing methods, algorithms, systems, architectures, or scientific computing techniques."
L064,"Uses statistics, machine learning, experiments, and visualization to derive insights and predictive models from data."
L065,"Researches and develops novel machine-learning methods, models, optimization techniques, and evaluation approaches."
L066,"Operates, secures, backs up, restores, patches, and tunes production database platforms."
L067,"Defines database platform strategy, standards, scalable data-store designs, availability patterns, and database security architecture."
L068,"Builds database objects and application data access logic, including schemas, SQL, stored procedures, and migrations."
L069,"Connects databases with applications, APIs, enterprise systems, migration tools, and data pipelines."
L070,"Applies computing, statistics, and data methods to biological and genomic data."
L071,"Manages, analyzes, and visualizes geographic and spatial data for maps, location intelligence, and geospatial applications."
L072,"Improves health-information systems, clinical data interoperability, health analytics, and digital healthcare workflows."
L073,"Organizes, governs, digitizes, stores, retrieves, retains, and automates enterprise documents and records."
L074,"Provides technical, customer-facing guidance to support adoption, service health, product use, escalations, and account outcomes."
L075,"Produces accurate and usable technical documentation for products, platforms, APIs, systems, and users."
L076,"Designs and delivers technical learning programs, hands-on labs, courses, assessments, and adoption training."
L077,"Supports business applications in production through incident resolution, SQL/log analysis, configuration, user support, and escalation."
L078,"Installs, repairs, upgrades, tests, and maintains end-user computers, peripherals, and related physical devices."
L079,"Supports end-user desktop environments, endpoints, productivity tools, identity access, mobile devices, and local connectivity."
L080,"Provides first-line technical support, triage, standard requests, and user guidance through ticketing, phone, chat, or email channels."
L081,"Resolves complex user, application, infrastructure, endpoint, and operational support issues while automating recurring support work."
L082,"Maintains daily operation of network devices, connectivity, addressing, wireless, access, monitoring, and routine network services."
L083,"Designs scalable, resilient, secure network architectures across campus, data centre, WAN, cloud, wireless, and remote-access environments."
L084,"Deploys, configures, automates, troubleshoots, and improves production network infrastructure."
L085,"Provides operational support for connectivity problems, user network issues, monitoring alerts, and network-service incidents."
L086,"Installs and maintains physical network infrastructure, cabling, network-edge equipment, access points, and basic device configurations."
L087,"Analyzes telecom services, carriers, voice/data usage, call quality, costs, contracts, inventories, and service levels."
L088,"Designs, integrates, tests, optimizes, and supports voice, video, mobile, carrier, fibre, and communication-network systems."
L089,"Owns product direction, prioritization, roadmap, user value, and product outcomes for a digital or IT product."
L090,"Plans and governs IT project delivery across scope, schedule, budget, risks, resources, dependencies, and stakeholders."
L091,"Facilitates Scrum/agile practices and helps teams improve flow, collaboration, delivery discipline, and continuous improvement."
L092,"Defines game mechanics, levels, systems, progression, narrative, economy, and player experience."
L093,"Designs end-to-end user experiences, flows, interactions, information architecture, and prototypes."
L094,"Studies user behavior, needs, motivations, and usability through qualitative and quantitative research."
L095,"Designs visual interface systems, high-fidelity screens, reusable components, responsive states, and UI specifications."
L096,"Designs and often builds responsive, brand-aligned websites and webpages using web technologies and CMS/no-code tools."
L097,"Builds, tests, releases, and maintains Android applications."
L098,"Builds server-side applications, APIs, databases, integrations, authentication, and business logic."
L099,"Builds cloud-native applications using managed services, serverless functions, containers, eventing, and cloud data platforms."
L100,"Builds installable desktop applications for Windows, macOS, Linux, or cross-platform environments."
L101,"Builds browser-based user interfaces, client-side logic, reusable components, and responsive accessible web experiences."
L102,"Builds both frontend and backend parts of web applications, including interfaces, APIs, data storage, and deployment."
L103,"Defines the structural design, technology strategy, quality attributes, patterns, standards, and evolution of software systems."
L104,"Builds low-level, performance-critical software that interacts closely with operating systems, hardware, networking, runtimes, or drivers."
L105,"Builds, tests, releases, and maintains native iOS/iPadOS applications."
L106,Tests digital products for accessibility barriers and compliance with accessibility standards.
L107,"Tests games for gameplay defects, stability, compatibility, progression errors, performance issues, and platform requirements."
L108,"Tests interactions between services, APIs, databases, queues, devices, and external systems."
L109,"Tests translated and internationalized software for linguistic, formatting, locale, encoding, and cultural defects."
L110,"Tests system behavior under load, stress, endurance, and scalability conditions."
L111,"Plans and executes functional, regression, exploratory, system, and end-to-end software tests."
L112,"Builds coded automated testing frameworks, test suites, quality pipelines, mocks, and CI-integrated validation."
L113,"Evaluates product usability, task completion, learnability, friction, and user satisfaction."
L114,"Builds blockchain applications, smart contracts, decentralized systems, token logic, and blockchain integrations."
L115,"Builds firmware and low-level software for devices, microcontrollers, sensors, real-time systems, and embedded Linux platforms."
L116,"Implements game systems, gameplay features, tools, multiplayer capabilities, rendering interactions, and runtime code."
L117,"Builds connected-device applications across firmware, gateways, telemetry, cloud ingestion, device management, and edge-to-cloud services."
L118,"Builds and maintains software robots that automate structured, repetitive business processes across enterprise applications."
