id,leaf_name,main_tasks
L001,IT Business Analyst,Elicit requirements; map business processes; write user stories and acceptance criteria; analyze data and KPIs; validate delivered functionality; facilitate stakeholder workshops.
L002,IT Consultant,Assess current systems; identify business and technology gaps; recommend solutions and vendors; build roadmaps and business cases; support implementation; present findings to stakeholders.
L003,Software Requirements Engineer,Elicit requirements; write specifications; model use cases and system behavior; manage traceability; define acceptance criteria; control requirement changes; support testing and validation.
L004,Systems Analyst,Analyze existing systems; model data/process flows; define system changes; document interfaces; investigate incidents; query databases; support integration and testing.
L005,Computer Systems Engineer,Evaluate system requirements; design compute environments; integrate hardware and software; optimize performance; troubleshoot low-level issues; automate system configuration; test reliability.
L006,Enterprise Architect,Create enterprise roadmaps; define architecture standards; map business capabilities; govern technology portfolios; assess target architectures; guide transformation programs; manage architecture repositories.
L007,Solution Architect,Convert requirements into solution designs; select technologies; define APIs and integrations; design security and scalability; estimate technical work; guide implementation; review architecture decisions.
L008,Systems Architect,Design infrastructure architecture; define resilience and recovery; select platforms; plan capacity; design network/storage/compute patterns; establish technical standards; review implementation quality.
L009,Systems Integration Engineer,Build APIs and integrations; configure middleware; transform data; manage message queues; test interfaces; diagnose integration failures; document contracts; support production integrations.
L010,Cloud Administrator,Provision resources; administer IAM; manage subscriptions/accounts; monitor usage; handle access requests; maintain backups; apply policies; support cloud incidents; track cost and inventory.
L011,Cloud Architect,Design landing zones; choose cloud services; define network and identity architecture; establish governance; plan migrations; design resilience; review cloud security; optimize cost and performance.
L012,Cloud Engineer,Build infrastructure as code; configure cloud networks and services; automate deployment; manage containers; operate cloud environments; write scripts; monitor systems; troubleshoot cloud issues.
L013,DevOps Engineer,Build CI/CD pipelines; automate environments; manage infrastructure as code; containerize applications; implement DevSecOps controls; maintain deployment tooling; improve observability; reduce manual delivery work.
L014,Platform Engineer,Operate Kubernetes platforms; create reusable templates; build developer portals; provide self-service infrastructure; implement GitOps; maintain platform APIs; enforce policies; improve developer experience.
L015,Release Engineer,Manage release calendars; define versioning and branching; package artifacts; coordinate deployment approvals; promote builds; plan rollback; publish release notes; monitor release quality.
L016,Site Reliability Engineer,Define SLOs and error budgets; build monitoring; automate operational work; manage incidents and on-call; perform capacity planning; improve resilience; conduct postmortems; reduce toil.
L017,Computer and Systems Operator,Monitor jobs and alerts; operate scheduled workloads; follow runbooks; manage batch processing; escalate incidents; record operational events; perform first-line recovery actions.
L018,Data Centre Operator,Rack and cable equipment; replace hardware; monitor power and cooling; perform physical checks; maintain asset records; use remote-management tools; manage access; escalate facility incidents.
L019,IT Disaster Recovery Specialist,Define RTO/RPO targets; manage backups; plan replication; conduct DR tests; coordinate failover and failback; validate restores; document recovery runbooks; report resilience gaps.
L020,Storage Engineer,Provision storage; manage SAN/NAS/object platforms; configure replication; tune capacity and performance; manage snapshots; support backup/restore; troubleshoot storage incidents; automate storage tasks.
L021,Sustainable IT Specialist,Measure energy use; analyze cloud consumption; report carbon indicators; optimize resource utilization; support hardware lifecycle programs; reduce e-waste; advise on green IT and FinOps practices.
L022,Systems Administrator,Manage Linux/Windows servers; administer directories and user access; patch systems; automate administration; manage backups; monitor health; troubleshoot incidents; maintain system documentation.
L023,Systems Configuration Specialist,Maintain CMDB data; create configuration baselines; automate configuration; detect configuration drift; manage change records; audit compliance; manage policies; version infrastructure configuration.
L024,Web Administrator,Configure web servers; manage DNS and TLS certificates; administer hosting/CMS; monitor uptime; apply patches; optimize web performance; troubleshoot site failures; manage backups and access.
L025,Computer Hardware Engineer,Create hardware designs; develop schematics; select components; design PCBs; validate prototypes; analyze signal/power integrity; perform laboratory testing; collaborate with firmware and manufacturing teams.
L026,Computer Hardware Engineering Technician,Assemble systems; replace components; run diagnostics; calibrate equipment; perform cable and hardware checks; document repairs; support prototypes; maintain inventory and test equipment.
L027,Computer Hardware Test Technician,Run functional and regression tests; operate test equipment; capture measurements; reproduce failures; record defects; verify fixes; maintain test records; assist root-cause analysis.
L028,Embedded System Designer,Select microcontrollers; define device architecture; design hardware/firmware interfaces; develop prototypes; specify sensors and actuators; validate real-time behavior; support embedded testing; define connectivity and security requirements.
L029,Application Security Engineer,Perform threat modeling; review code; run SAST/DAST/SCA; secure APIs; manage security findings; support developers; implement DevSecOps checks; improve secure coding standards.
L030,Cloud Security Engineer,Harden cloud accounts; manage IAM; configure cloud logging; implement policies; secure networks; manage secrets and keys; run posture assessments; automate security checks; remediate cloud risks.
L031,Cryptography Specialist,Evaluate cryptographic controls; manage key lifecycle; design PKI; integrate encryption/signatures; configure HSMs; validate protocols; support certificate management; assess cryptographic compliance.
L032,Embedded and IoT Security Engineer,Implement secure boot; secure firmware; assess hardware interfaces; manage device certificates; secure OTA updates; test IoT protocols; perform firmware analysis; apply embedded threat modeling.
L033,Identity and Access Management Specialist,Configure SSO and MFA; integrate applications with IAM; manage OAuth/OIDC/SAML; automate provisioning; conduct access reviews; administer PAM; manage joiner-mover-leaver workflows; troubleshoot access issues.
L034,Network Security Engineer,Configure firewalls; manage VPNs; implement segmentation; operate IDS/IPS; secure routing; manage NAC; analyze packets; deploy network controls; investigate network-security incidents.
L035,Security Administrator,Manage endpoint protection; configure security platforms; run vulnerability scans; support access requests; patch security tools; investigate routine alerts; maintain policies; manage security tickets.
L036,Security Architect,Design security architecture; review solutions; define Zero Trust patterns; select controls; establish security standards; model threats; guide cloud/application/network security; govern exceptions.
L037,Security Engineer,Deploy controls; automate security tasks; tune tools; harden systems; integrate SIEM/EDR/IAM; remediate vulnerabilities; support incident response; maintain security infrastructure.
L038,Cybersecurity Consultant,Assess security posture; perform gap analyses; create roadmaps; advise executives; review architecture; recommend controls; assess vendors; support compliance initiatives.
L039,Cybersecurity GRC Specialist,Maintain risk registers; assess controls; manage policy lifecycle; coordinate risk treatment; run vendor-risk reviews; collect evidence; prepare governance reports; support audits.
L040,Data Protection and Privacy Specialist,Conduct DPIAs/PIAs; maintain processing inventories; handle DSARs; classify data; define retention rules; support consent management; assess privacy risks; advise on privacy-by-design.
L041,IT Auditor,Plan audits; test ITGCs; assess segregation of duties; review access; test change-management controls; document findings; collect evidence; issue audit reports; track remediation.
L042,IT Compliance Specialist,Track obligations; collect compliance evidence; monitor controls; prepare certification audits; manage exceptions; report compliance status; coordinate remediation; maintain compliance documentation.
L043,Cyber Incident Responder,Triage incidents; collect evidence; contain threats; isolate assets; analyze logs and memory; eradicate malware; coordinate recovery; document timelines; conduct post-incident reviews.
L044,Cyber Threat Intelligence Analyst,Gather OSINT; analyze TTPs; track threat actors; manage IoCs; map ATT&CK techniques; write intelligence reports; enrich alerts; share intelligence with security teams.
L045,Cybersecurity Analyst,Monitor SIEM/EDR alerts; analyze logs; investigate phishing; validate indicators; correlate events; document cases; tune detections; escalate incidents; support vulnerability management.
L046,Digital Forensics Analyst,Acquire evidence; maintain chain of custody; analyze file systems; inspect memory; recover artifacts; examine mobile/cloud evidence; validate hashes; write forensic reports; support legal investigations.
L047,Penetration Tester,Scope engagements; enumerate targets; test web/network/cloud/mobile environments; exploit vulnerabilities; escalate privileges; document proof of concept; write reports; retest remediation.
L048,Vulnerability Assessment Specialist,Run scans; validate findings; assign severity; prioritize remediation; manage vulnerability exceptions; track remediation SLAs; report risk trends; verify patches and fixes.
L049,Artificial Intelligence Engineer,Build AI services; integrate models; implement RAG; design prompts and guardrails; create APIs; evaluate outputs; deploy models; monitor AI quality and reliability.
L050,Computer Vision Engineer,Prepare image data; train vision models; implement object detection/segmentation; optimize inference; label datasets; deploy vision services; evaluate visual model performance.
L051,Knowledge Engineer,Design taxonomies; build ontologies; model entities and relations; curate knowledge graphs; define rules; support semantic search; integrate structured knowledge with AI systems.
L052,Machine Learning Engineer,Train models; engineer features; build ML pipelines; deploy model services; manage model versions; monitor drift; automate retraining; implement MLOps practices.
L053,Natural Language Processing Engineer,Build NLP pipelines; train/fine-tune language models; implement NER/classification; create embeddings; build RAG/search; evaluate language outputs; deploy NLP APIs; monitor quality.
L054,Business Intelligence Analyst,Define KPIs; query data; build dashboards; analyze trends; create reports; gather reporting requirements; validate metrics; present insights to stakeholders.
L055,Business Intelligence Developer,Develop BI reports; build semantic models; write transformations; manage data refreshes; optimize dashboards; implement row-level security; deploy BI assets; support analysts.
L056,Data Analyst,Query data; clean datasets; conduct exploratory analysis; create visualizations; build reports; analyze cohorts/trends; support experiments; communicate findings.
L057,Data Quality Specialist,Profile data; define quality rules; monitor anomalies; investigate defects; maintain lineage; coordinate remediation; validate pipelines; report quality metrics.
L058,Analytics Engineer,Build dbt models; write warehouse SQL; test transformations; document datasets; manage lineage; create reusable metrics; collaborate with analysts; improve data reliability.
L059,Data Architect,Design target data platforms; create conceptual/logical models; define domains; choose storage patterns; govern integration; establish standards; guide data modernization.
L060,Data Engineer,Develop ETL/ELT pipelines; manage orchestration; build streaming pipelines; optimize Spark/SQL; operate warehouses/lakes; automate testing; monitor data jobs; resolve failures.
L061,Data Governance and Stewardship Specialist,Maintain data catalog; assign owners; define policies; manage metadata; document lineage; support data classification; coordinate stewardship; govern data access and retention.
L062,Data Warehouse Developer,Model dimensions/facts; develop ETL/ELT; write SQL procedures; tune queries; load warehouse tables; manage partitions; support reporting; maintain warehouse documentation.
L063,Computer Research Scientist,Form research questions; review literature; design experiments; implement prototypes; analyze results; publish findings; develop algorithms; collaborate with engineering teams.
L064,Data Scientist,Explore data; develop models; perform statistical analysis; run experiments; evaluate models; create visualizations; communicate findings; support decisions.
L065,Machine Learning Research Scientist,Develop hypotheses; run model experiments; create architectures; train at scale; evaluate benchmarks; publish research; prototype methods; analyze model behavior.
L066,Database Administrator,Install databases; manage users; run backups; test restores; tune performance; monitor health; manage replication; patch systems; support incidents.
L067,Database Architect,Select database technologies; design models; set standards; plan migration; define HA/DR; design security; review database designs; govern database lifecycle.
L068,Database Developer,Design schemas; write SQL; create stored procedures; optimize queries; build migrations; implement data-access layers; test database code; support application integrations.
L069,Database Integrator,Configure connectors; build ETL/API links; manage CDC; map data; test interfaces; migrate databases; diagnose integration failures; secure data transfers.
L070,Bioinformatics Specialist,Process sequence data; run genomic pipelines; analyze omics data; manage biological databases; build reproducible workflows; visualize findings; support scientific interpretation.
L071,Geographic Information Systems Specialist,Create maps; manage geodatabases; analyze spatial patterns; process imagery; publish GIS services; automate geospatial workflows; support field and planning teams.
L072,Health Informatics Specialist,Support EHR/EMR systems; implement HL7/FHIR integration; map clinical data; manage health standards; analyze health data; improve workflows; support privacy and interoperability.
L073,Digital Document Management Specialist,Manage document repositories; define metadata/taxonomy; configure workflows; apply retention policies; support OCR; manage access; improve search; support eDiscovery and records compliance.
L074,IT Technical Account Specialist,Conduct technical reviews; manage escalations; analyze service health; advise customers; coordinate internal teams; support onboarding; track success plans; communicate technical risks.
L075,IT Technical Writer,Write guides; create API documentation; maintain knowledge bases; publish release notes; create diagrams; document configurations; work with engineers; maintain docs-as-code content.
L076,IT Trainer,Develop curricula; create learning content; run workshops; deliver virtual/classroom training; build labs; assess learners; update materials; measure adoption and learning outcomes.
L077,Application Support Specialist,Resolve tickets; investigate errors; analyze logs; query data; validate interfaces; coordinate with developers/vendors; maintain knowledge articles; support release validation.
L078,Computer Hardware Technician,Diagnose hardware; replace components; image devices; repair printers/peripherals; install drivers; manage inventory; perform physical maintenance; document repairs.
L079,Desktop Support Specialist,Configure devices; resolve Microsoft 365 issues; manage Intune/SCCM/Jamf; support printers and VPNs; handle user access; deploy software; provide remote support.
L080,IT Help Desk Specialist,Log tickets; reset passwords; resolve basic access/device/software issues; provide user guidance; use knowledge bases; route incidents; communicate status; document solutions.
L081,IT Support Engineer,Diagnose complex incidents; analyze logs; script support tasks; support servers/endpoints; manage monitoring; troubleshoot APIs/networks; improve runbooks; coordinate escalations.
L082,Network Administrator,Configure switches/routers; manage DHCP/DNS; maintain VPN and Wi-Fi; monitor networks; manage user access; handle incidents; maintain device configurations.
L083,Network Architect,Define target architectures; plan routing/segmentation; design cloud connectivity; select network platforms; create standards; plan capacity; review network designs; guide migrations.
L084,Network Engineer,Implement routing/switching; configure firewalls and VPNs; troubleshoot BGP/OSPF/VLAN issues; automate device changes; monitor performance; support upgrades; document topology.
L085,Network Support Specialist,Triage connectivity tickets; troubleshoot DNS/DHCP/Wi-Fi/VPN; monitor alerts; perform basic configuration; collect diagnostics; communicate with users; escalate complex issues.
L086,Network Technician,Pull and test cables; install switches/APs; rack equipment; label ports; replace hardware; test fibre; update asset records; perform basic connectivity checks.
L087,Telecommunications Analyst,Analyze CDRs; monitor service quality; assess carrier invoices; manage telecom inventories; prepare reports; gather telecom requirements; support vendor and contract decisions.
L088,Telecommunications Engineer,Configure PBX/SIP/SBC systems; troubleshoot voice quality; deploy unified communications; optimize QoS; support LTE/5G/fibre systems; test telecom integrations; manage carrier connectivity.
L089,IT Product Manager,Define vision; conduct discovery; prioritize backlog; build roadmaps; write product requirements; analyze product metrics; align stakeholders; validate outcomes.
L090,IT Project Manager,Build project plans; manage budget and schedule; track risks; coordinate teams/vendors; report status; manage dependencies; run governance; ensure delivery milestones.
L091,Scrum Master,Facilitate ceremonies; remove impediments; coach agile practices; track delivery metrics; support backlog refinement; improve team flow; run retrospectives; protect team focus.
L092,Digital Game Designer,Design gameplay; create levels; document rules; balance economies; prototype mechanics; analyze player feedback; collaborate with artists/developers; refine player journeys.
L093,User Experience Designer,Create user flows; design wireframes; build prototypes; define IA; run usability reviews; maintain design systems; collaborate with product/development teams; improve journeys.
L094,User Experience Researcher,Plan research; conduct interviews; run surveys; facilitate usability studies; analyze results; synthesize insights; create personas/journeys; present recommendations.
L095,User Interface Designer,Create UI screens; define visual hierarchy; build component libraries; manage tokens; prepare handoff; ensure responsive layouts; apply accessibility; maintain visual consistency.
L096,Web Designer,Design pages; build CMS content; write HTML/CSS; optimize responsive behavior; apply SEO; manage assets; improve accessibility; monitor site presentation.
L097,Android Developer,Develop Android features; design mobile UI; integrate APIs; manage local storage; implement push notifications; test apps; fix defects; publish to Google Play.
L098,Backend Developer,Develop APIs; implement services; design schemas; integrate systems; secure endpoints; optimize performance; write tests; deploy backend services.
L099,Cloud Software Developer,Build cloud services; develop serverless functions; integrate managed databases/queues; deploy containers; automate delivery; instrument observability; optimize cloud resources.
L100,Desktop Application Developer,Develop desktop UI; integrate local/system services; manage installers; implement updates; store local data; connect APIs; test on target operating systems; fix defects.
L101,Frontend Developer,Implement UI components; consume APIs; manage client state; style responsive pages; improve accessibility; write frontend tests; optimize performance; fix browser defects.
L102,Full-stack Developer,Deliver end-to-end features; implement UI and APIs; design data models; integrate authentication; write tests; deploy applications; troubleshoot full application flows.
L103,Software Architect,Make architecture decisions; define components and boundaries; design integration patterns; assess trade-offs; set standards; review designs; guide technical teams; manage technical debt.
L104,Systems Programmer,Develop system services; write drivers or low-level code; optimize memory/concurrency; debug crashes; profile performance; work with kernels/runtimes; implement system interfaces.
L105,iOS Developer,Develop Swift/SwiftUI features; integrate APIs; implement mobile UI; manage data and notifications; test apps; optimize performance; handle App Store release processes.
L106,Accessibility Tester,Test keyboard navigation; use screen readers; audit WCAG criteria; identify ARIA issues; validate color/contrast; document defects; retest fixes; advise teams on accessible behavior.
L107,Game Tester,Execute test cases; reproduce gameplay bugs; test game builds; validate progression; test platforms/devices; report defects; perform regression testing; support certification readiness.
L108,Integration Test Engineer,Design integration tests; validate contracts; test APIs; prepare test data; simulate dependencies; verify message/data flows; troubleshoot failures; automate end-to-end checks.
L109,Localization Tester,Validate translations; test date/currency/number formats; inspect UI truncation; test RTL layouts; verify encoding; test locale switching; report localization defects; coordinate language validation.
L110,Performance Test Engineer,Design load tests; generate traffic; measure latency/throughput; identify bottlenecks; analyze resource use; test capacity; report performance risks; validate optimization.
L111,Software Test Engineer,Write test plans/cases; execute tests; log defects; perform regression; validate requirements; manage test data; document results; collaborate on quality improvements.
L112,Test Automation Engineer,Develop automated tests; maintain frameworks; integrate CI/CD; create test data/mocks; build reports; automate API/web/mobile checks; reduce flaky tests; improve coverage.
L113,Usability Tester,Plan usability sessions; recruit or guide participants; observe tasks; record findings; identify usability issues; prioritize recommendations; test prototypes; report experience improvements.
L114,Blockchain Developer,Develop smart contracts; integrate wallets; implement token/NFT logic; interact with blockchains; test contracts; secure decentralized applications; deploy contracts; monitor transactions.
L115,Embedded Software Developer,Develop firmware; write drivers; implement RTOS tasks; integrate sensors; debug hardware interfaces; optimize memory/power; test embedded software; implement OTA updates.
L116,Game Developer,Program game mechanics; build UI/animation systems; implement physics; optimize runtime performance; integrate multiplayer/services; debug builds; create developer tools; support platform release.
L117,IoT Developer,Develop device software; connect devices through MQTT/CoAP; implement provisioning; manage telemetry; integrate cloud services; build gateways; secure device communication; support OTA updates.
L118,RPA Developer,Analyze processes; design automation workflows; build robots; automate UI/API/document tasks; handle exceptions; orchestrate robot schedules; monitor runs; maintain automation documentation.
